{"financial_assets": ["0 - 2.5", "2.5 - 5", "5 - 7.5", "7.5 - 10", "10 - 12.5", "12.5 - 15", "15 - 17.5", "17.5 - 20", "20 - 22.5", "22.5 - 25", "25 - 27.5", "27.5 - 30", "30 - 32.5", "32.5 - 35", "35 - 37.5", "37.5 - 40", "40 - 42.5", "42.5 - 45", "45 - 47.5", "47.5 - 50", "> 50"], "percentages": [24.0, 8.8, 6.0, 4.9, 3.9, 3.6, 3.3, 3.0, 2.8, 2.6, 2.3, 2.6, 2.0, 1.9, 1.8, 1.7, 1.7, 1.5, 1.4, 1.25, 22.5], "normalized_percentages": [0.23177209077740224, 0.08498309995171416, 0.05794302269435056, 0.04732013520038629, 0.03766296475132786, 0.03476581361661033, 0.0318686624818928, 0.02897151134717528, 0.02704007725736359, 0.02510864316755191, 0.022211492032834377, 0.02510864316755191, 0.01931434089811685, 0.01834862385321101, 0.017382906808305166, 0.016417189763399325, 0.016417189763399325, 0.01448575567358764, 0.013520038628681796, 0.012071463061323033, 0.2172863351038146]}